,XOM,MRO,OXY
2015-01-01,11337219,6082724,3555803
2015-01-02,10220410,5282315,3634610
2015-01-05,18502381,7905134,6104730
2015-01-06,16670713,11319995,6038092
2015-01-07,13590721,7213727,5475349
2015-01-08,15487496,11658155,6734730
2015-01-09,14488415,9600672,5203863
2015-01-12,15176303,8148149,7127751
2015-01-13,17469028,10820389,7084487
2015-01-14,23272056,10407592,7109842
2015-01-15,18759590,6164984,7271531
2015-01-16,17713093,7354182,6564058
2015-01-19,17713093,7354182,6564058
2015-01-20,16760994,7265754,5610811
2015-01-21,14276380,6111928,4491715
2015-01-22,13558953,6521339,5221583
2015-01-23,14706313,6296591,4870102
2015-01-26,10672507,5068004,3871352
2015-01-27,12301462,6458451,4468033
2015-01-28,17829700,7137674,6174824
2015-01-29,22682981,7761757,6297638
2015-01-30,22679947,9581106,9218097
2015-02-02,20306347,11663232,7964109
2015-02-03,21900857,12666462,7136836
2015-02-04,19632169,11043632,6871349
2015-02-05,12809028,7309666,5246950
2015-02-06,12331189,8563999,4681576
2015-02-09,11360679,6373702,6582524
2015-02-10,12952873,7840153,5630777
2015-02-11,12240595,6472699,4827822
2015-02-12,14842992,6066446,6010482
2015-02-13,12060981,6615016,4523048
2015-02-16,12060981,6615016,4523048
2015-02-17,11758746,8148928,4490839
2015-02-18,19177925,8283433,5191226
2015-02-19,19350556,10128358,4521458
2015-02-20,15959865,9721418,3783058
2015-02-23,12771790,6024597,3162337
2015-02-24,9990726,6053522,2710934
2015-02-25,9925652,5724517,2892413
2015-02-26,13984008,7463173,4696394
2015-02-27,13090560,5419343,5123759
2015-03-02,13793671,5838527,4456110
2015-03-03,13493839,4665407,4275251
2015-03-04,13467554,5752958,3216799
2015-03-05,12527581,4662835,3614559
2015-03-06,16070466,5235027,5085374
2015-03-09,14503802,6099562,3399917
2015-03-10,17195460,6198909,4199367
2015-03-11,13004655,7315215,3457784
2015-03-12,10792898,6936281,4268762
2015-03-13,16799920,6916434,6199662
2015-03-16,13516235,5028376,5442558
2015-03-17,12979713,5121565,3941507
2015-03-18,18745653,7257217,4181639
2015-03-19,12738497,5958918,5466362
2015-03-20,36083450,12289916,13407501
2015-03-23,17450685,6559244,3767487
2015-03-24,10174292,5937272,2861855
2015-03-25,11934737,6302718,4783441
2015-03-26,14400695,7974141,4952509
2015-03-27,11579299,5166877,3598985
2015-03-30,15653170,5348781,3907040
2015-03-31,13353990,5712692,4892869
2015-04-01,14522257,6806643,4429167
2015-04-02,11297401,8614182,5277579
2015-04-03,11297401,8614182,5277579
2015-04-06,10916434,7564760,6997452
2015-04-07,11836065,6695524,4482065
2015-04-08,16257095,7566568,5089682
2015-04-09,13281833,9637294,4100857
2015-04-10,13372433,7650487,3338221
2015-04-13,9880507,4685299,2654992
2015-04-14,15693825,6371449,4573449
2015-04-15,15332834,10770967,6766474
2015-04-16,9570809,6356530,5510780
2015-04-17,14430130,7920337,6579346
2015-04-20,11593561,8873997,3881136
2015-04-21,10100460,6408825,2982318
2015-04-22,8663587,5596261,3466230
2015-04-23,9866129,5402398,3425361
2015-04-24,8405737,6156808,3432011
2015-04-27,10534606,5194204,4671104
2015-04-28,9633764,5709677,2747615
2015-04-29,12534119,6831007,3929699
2015-04-30,13947730,6826177,3855225
2015-05-01,12257076,5367544,3351709
2015-05-04,10343675,8658230,2778351
2015-05-05,11895027,9686976,4876624
2015-05-06,11273450,8453917,6801009
2015-05-07,9992451,11315649,6703303
2015-05-08,11390293,10442665,6213059
2015-05-11,11997787,9064570,4985753
2015-05-12,9788887,6300824,4101038
2015-05-13,8629433,6561320,3524789
2015-05-14,8791275,7124847,2457982
2015-05-15,8422209,5156624,2724745
2015-05-18,6395354,6184794,3209162
2015-05-19,9777078,5971008,5170806
2015-05-20,7276571,5643401,3627559
2015-05-21,8357353,7370098,3460102
2015-05-22,7598432,6049846,3740877
2015-05-25,7598432,6049846,3740877
2015-05-26,11288963,6098633,5200648
2015-05-27,10778275,5114402,4090261
2015-05-28,8038943,4732475,4787805
2015-05-29,14631316,5264155,6049098
2015-06-01,9077512,4985698,5066495
2015-06-02,9328322,8556262,5438433
2015-06-03,8179540,5054155,4171026
2015-06-04,12607257,4377668,4749181
2015-06-05,11388508,5321695,5369633
2015-06-08,12244688,4698169,4815541
2015-06-09,8105514,3281219,4066939
2015-06-10,10147049,3405668,4643648
2015-06-11,7759265,4144692,3355602
2015-06-12,8347341,4453876,3671322
2015-06-15,9563933,4643396,3037094
2015-06-16,9100116,3288273,3747297
2015-06-17,9090188,3478142,4163755
2015-06-18,10247825,3904190,4335143
2015-06-19,16129576,8063667,5622169
2015-06-22,9465144,3382905,3588745
2015-06-23,10223910,4661640,4640647
2015-06-24,11800118,7571859,3859749
2015-06-25,10259382,10990806,4245391
2015-06-26,19023328,18316778,5961558
2015-06-29,11739236,13296352,4893559
2015-06-30,14981145,8528994,4075201
2015-07-01,13529076,8710892,4242691
2015-07-02,9187997,6216178,3007405
2015-07-03,9187997,6216178,3007405
2015-07-06,11694425,6449161,4217406
2015-07-07,15641535,8451085,4818491
2015-07-08,10056994,7133538,3446601
2015-07-09,11980543,9405643,3554510
2015-07-10,8628659,6841803,3371934
2015-07-13,8026658,5953261,3107747
2015-07-14,9310155,9034293,3365223
2015-07-15,9289210,8365105,4156152
2015-07-16,8267647,6633980,4419937
2015-07-17,12156000,6230565,4105193
2015-07-20,12957060,8700442,5402149
2015-07-21,8677069,9206213,4008964
2015-07-22,13181463,11190205,4960359
2015-07-23,10496096,12028965,3708043
2015-07-24,14888464,13124596,4836538
2015-07-27,14996094,9136991,6065562
2015-07-28,19777278,11840497,5107938
2015-07-29,13913768,12555698,5591665
2015-07-30,11139943,8454783,4943627
2015-07-31,26232661,8947522,4917084
2015-08-03,15767743,11247452,3998870
2015-08-04,18874419,9375615,3649707
2015-08-05,16544386,16224049,3938580
2015-08-06,13005213,21784230,5514077
2015-08-07,12187623,11654683,3206723
2015-08-10,14876012,11948231,4478096
2015-08-11,14486353,14193459,5104438
2015-08-12,16909190,12535423,8084126
2015-08-13,13154102,10108918,7357650
2015-08-14,9129284,12877259,3204728
2015-08-17,9365433,15390949,4883817
2015-08-18,9815315,8966238,3786019
2015-08-19,17010104,19827051,5700831
2015-08-20,17811205,14230906,4265601
2015-08-21,25488846,18816430,6091476
2015-08-24,35531225,22372795,10491124
2015-08-25,30409744,13423435,8425477
2015-08-26,34436044,13567343,7990193
2015-08-27,24570983,22410518,8175571
2015-08-28,18997331,21004838,6653703
2015-08-31,19570103,18458604,7338513
2015-09-01,24092930,17820406,7094487
2015-09-02,16936898,14667757,5666250
2015-09-03,13451867,13572489,4740538
2015-09-04,14902476,15418923,4580035
2015-09-07,14902476,15418923,4580035
2015-09-08,13626907,13710952,5321760
2015-09-09,17246222,33904145,4225807
2015-09-10,12353853,18710395,4474067
2015-09-11,12172259,15640604,5637426
2015-09-14,10738538,15451813,3878540
2015-09-15,11979773,15514006,4761080
2015-09-16,15214174,16637133,5134914
2015-09-17,15603018,19681502,5801751
2015-09-18,23180160,26980002,6138511
2015-09-21,10852972,13935333,3424926
2015-09-22,14245205,12251616,6193955
2015-09-23,13784836,12544982,3909010
2015-09-24,14584249,12053656,4369334
2015-09-25,15175317,13876852,5653486
2015-09-28,14571908,9936732,4811202
2015-09-29,13754439,10994768,4058534
2015-09-30,18176502,13709299,5168550
2015-10-01,14397814,14181283,5161529
2015-10-02,18811345,11643516,4839832
2015-10-05,18486731,17565654,4629036
2015-10-06,18757917,25583557,6591650
2015-10-07,18703210,26627425,7653000
2015-10-08,14344692,17094873,6135423
2015-10-09,17384670,14167958,5815557
2015-10-12,9931754,13787220,3293320
2015-10-13,12326598,10355556,3054765
2015-10-14,14485998,8545639,4263853
2015-10-15,13640875,9403822,5442610
2015-10-16,14304431,8146191,5191599
2015-10-19,14155779,9449503,4920879
2015-10-20,12340108,7885854,4464717
2015-10-21,10286440,8141830,3651576
2015-10-22,14823462,9018802,4261661
2015-10-23,13215678,8455285,4026512
2015-10-26,12576449,7277770,3858126
2015-10-27,13579364,11897209,4484862
2015-10-28,12473034,12690173,7533311
2015-10-29,10341163,16921256,4827064
2015-10-30,18758594,15400260,4684083
2015-11-02,21266523,10944587,4634650
2015-11-03,20115909,12060447,5243151
2015-11-04,14245441,9137098,4415161
2015-11-05,12291124,19123165,3953316
2015-11-06,12491678,15275250,3652464
2015-11-09,13551176,10110548,4096303
2015-11-10,14238006,8711069,4063886
2015-11-11,9598043,14112498,5102099
2015-11-12,16050638,10661215,3867145
2015-11-13,17527266,8965642,3690909
2015-11-16,14548134,9262093,4423031
2015-11-17,10011689,6618424,3348896
2015-11-18,10884594,11540253,3602303
2015-11-19,9453285,9794769,3755384
2015-11-20,10144448,8416880,3240858
2015-11-23,11868403,9373334,2492105
2015-11-24,15055512,11709507,4274639
2015-11-25,8980425,6276994,2949354
2015-11-26,8980425,6276994,2949354
2015-11-27,4156645,3696116,1415320
2015-11-30,17729175,11798439,5466227
2015-12-01,13916981,8820211,4660658
2015-12-02,16299981,11031658,6622359
2015-12-03,14870252,14461750,6962144
2015-12-04,20156434,10743011,8909597
2015-12-07,17676103,15175250,7639497
2015-12-08,24217600,18275122,7669139
2015-12-09,22036336,15728651,4973351
2015-12-10,20142376,10257654,5003785
2015-12-11,20473141,11234069,6358261
2015-12-14,21976535,14612613,6615373
2015-12-15,24366833,12972855,5330582
2015-12-16,17233853,15943233,5563722
2015-12-17,17362915,18589186,5748233
2015-12-18,28835969,27418602,7027355
2015-12-21,14460450,13683740,4534425
2015-12-22,13855761,9509734,5755295
2015-12-23,15184195,14590137,5647940
2015-12-24,5848311,5709480,2206369
2015-12-25,5848311,5709480,2206369
2015-12-28,9715843,9519539,3520340
2015-12-29,8838979,8141903,3503381
2015-12-30,9314646,9897906,3137124
2015-12-31,10285519,10140975,4618026
2016-01-01,10285519,10140975,4618026
2016-01-04,20400084,12667626,4777618
2016-01-05,11993500,9776980,4467973
2016-01-06,18826900,15837537,6740484
2016-01-07,21263761,20172902,6562615
2016-01-08,19033628,34056366,6203032
2016-01-11,21352955,22275284,9126177
2016-01-12,21864130,25506021,7996876
2016-01-13,26052729,26857652,7836353
2016-01-14,33806670,33825791,9582273
2016-01-15,28342063,39565456,7414443
2016-01-18,28342063,39565456,7414443
2016-01-19,22684537,29537160,7852015
2016-01-20,33300754,45467994,9785212
2016-01-21,22265576,37173900,7201507
2016-01-22,22530323,38960090,7590085
2016-01-25,17086643,19509580,5622683
2016-01-26,18724704,16346029,5580941
2016-01-27,18106113,27289222,6212392
2016-01-28,16157715,20994430,7598531
2016-01-29,25161887,20678011,10015306
2016-02-01,16754164,17658134,6053990
2016-02-02,21404223,19959918,5763104
2016-02-03,25873717,23844281,6419586
2016-02-04,23658665,33500297,9267260
2016-02-05,26719850,29574042,6392817
2016-02-08,26601176,45568024,6595953
2016-02-09,18418094,24990041,4970495
2016-02-10,16610943,21711886,7296964
2016-02-11,19331627,36852987,6039267
2016-02-12,16687846,30427689,5024932
2016-02-15,16687846,30427689,5024932
2016-02-16,15912159,22438863,6296607
2016-02-17,17006669,63685156,6539832
2016-02-18,14873699,55035595,4878554
2016-02-19,13615902,38684766,5546984
2016-02-22,14595198,34565207,4665069
2016-02-23,11041630,28066293,4214663
2016-02-24,13777543,18799310,3447371
2016-02-25,13706441,20805594,2522903
2016-02-26,14343253,36421147,3347839
2016-02-29,18903553,38489408,4650975
2016-03-01,15730643,273996613,4472145
2016-03-02,14094352,74553133,4522414
2016-03-03,13216192,65454090,6663151
2016-03-04,18402742,86997016,5744777
2016-03-07,18945555,57536933,6939634
2016-03-08,14003912,35596327,7144897
2016-03-09,14139276,30862013,5721562
2016-03-10,15898276,33998333,4637739
2016-03-11,15370176,31847020,3925331
2016-03-14,13344595,28444971,2938192
2016-03-15,9213045,23912140,4179976
2016-03-16,11492063,32600667,3601495
2016-03-17,13673859,30781255,4337138
2016-03-18,19637014,41238342,5978247
2016-03-21,8385359,26579705,2326964
2016-03-22,13005080,22927146,3321014
2016-03-23,12748876,31271285,4478906
2016-03-24,9368327,28978679,5142178
2016-03-25,9368327,28978679,5142178
2016-03-28,7490353,22606325,2499595
2016-03-29,9977887,23919733,3324714
2016-03-30,10807029,22290266,3037557
2016-03-31,13896906,40209701,3304675
2016-04-01,12235334,29055373,2629544
2016-04-04,8050167,21890197,3233764
2016-04-05,10446841,21365951,4191365
2016-04-06,9320161,26238640,4120751
2016-04-07,8267069,23358529,2558835
2016-04-08,9376167,24392705,3212668
2016-04-11,9924974,24378122,3170905
2016-04-12,9986128,43935656,4211047
2016-04-13,9235668,30817497,3753218
2016-04-14,10625784,21211645,6062730
2016-04-15,11280211,19535456,4782314
2016-04-18,9096983,23999581,3763102
2016-04-19,10354460,27614440,4027198
2016-04-20,15247074,26467005,4187240
2016-04-21,12075295,23556958,3228825
2016-04-22,9150823,26857167,2851904
2016-04-25,8076440,21633995,3065239
2016-04-26,9425865,24287408,3224332
2016-04-27,10463503,29916298,3678644
2016-04-28,11276191,21467720,3683334
2016-04-29,17885945,27966607,4495288
2016-05-02,10273739,26223889,3354917
2016-05-03,10137435,25388299,4191874
2016-05-04,10601143,25287689,6165413
2016-05-05,8721081,26903657,6338818
2016-05-06,7968354,21632791,5258006
2016-05-09,11159506,21257571,3936380
2016-05-10,12509083,17102274,4696343
2016-05-11,11660167,22812100,4523357
2016-05-12,10720505,25073713,3639480
2016-05-13,9721139,15099231,3689927
2016-05-16,8638664,17294228,4468427
2016-05-17,9835599,16167186,5319278
2016-05-18,9680277,15051505,6095521
2016-05-19,14397937,17303595,3963816
2016-05-20,13191925,17178234,3411321
2016-05-23,11766051,16878221,3334451
2016-05-24,10056575,18427501,3620728
2016-05-25,9581349,16999922,3399508
2016-05-26,7867901,17242049,2286839
2016-05-27,7505941,16136417,2203127
2016-05-30,7505941,16136417,2203127
2016-05-31,13178770,19678387,4584756
2016-06-01,7994794,17141817,3041913
2016-06-02,9837535,13965133,2244645
2016-06-03,9367092,14767936,2562046
2016-06-06,8572963,16295363,3296114
2016-06-07,12889082,24183967,4531794
2016-06-08,9982959,20238283,4143364
2016-06-09,8974331,14134252,3846622
2016-06-10,10353815,16791191,4066277
2016-06-13,11369954,17032334,5074646
2016-06-14,10161030,12107606,3880269
2016-06-15,10655773,13088068,3104672
2016-06-16,12824808,16743710,3378008
2016-06-17,17483223,17879354,4062595
2016-06-20,9388528,39534040,3698005
2016-06-21,8557451,34467357,3164048
2016-06-22,8785428,21281059,3564586
2016-06-23,9464500,19493993,4104008
2016-06-24,20010494,33429453,5601379
2016-06-27,14395728,23977456,5255973
2016-06-28,13254272,19105294,4449131
2016-06-29,13920631,24163780,4330778
2016-06-30,14073677,15331686,3779265
2016-07-01,9946278,19890798,3944560
2016-07-04,9946278,19890798,3944560
2016-07-05,10744051,21129194,3599028
2016-07-06,13144408,15754792,3358286
2016-07-07,12235670,18821988,4563818
2016-07-08,9807645,17321285,3804218
2016-07-11,8335705,12502852,3204234
2016-07-12,9870813,21959693,4347538
2016-07-13,9458206,22648378,3659384
2016-07-14,9293450,12174891,4158220
2016-07-15,10334453,15297909,3886370
2016-07-18,9865850,14617613,2779439
2016-07-19,5901792,12830482,2262526
2016-07-20,7383789,17544759,1825822
2016-07-21,7759624,18176293,2027089
2016-07-22,7139681,19805424,2411371
2016-07-25,10845892,17377377,4181792
2016-07-26,12143539,14112565,2734409
2016-07-27,10037885,22775653,2975127
2016-07-28,12439249,16668890,3569989
2016-07-29,23928098,13855640,3210725
2016-08-01,22908390,20926711,4132415
2016-08-02,18919157,17163597,5563872
2016-08-03,14632941,17171066,4697109
2016-08-04,13451350,24445640,3745642
2016-08-05,9617289,16909737,3842620
2016-08-08,10492709,18392009,3377951
2016-08-09,9654554,15450839,3353236
2016-08-10,12714814,13539974,2659778
2016-08-11,11616032,13615894,2729414
2016-08-12,9986924,13455730,2151381
2016-08-15,6432580,12045657,4851615
2016-08-16,6817932,18354888,4289414
2016-08-17,7104565,20862580,3982972
2016-08-18,10342730,26905976,4390508
2016-08-19,8615269,16932769,2992238
2016-08-22,8235406,26337959,2521875
2016-08-23,6514786,29790932,2432918
2016-08-24,7985437,16495746,5357957
2016-08-25,6935261,11531870,3228074
2016-08-26,6474424,15538849,3517376
2016-08-29,7027164,9884429,3335262
2016-08-30,6441118,15529326,2309598
2016-08-31,12491437,17317245,3376581
2016-09-01,8434729,14881760,3261008
2016-09-02,7099643,12584570,3458329
2016-09-05,7099643,12584570,3458329
2016-09-06,9851167,10021699,3978784
2016-09-07,7470375,12819115,3881746
2016-09-08,9579545,26230460,5019188
2016-09-09,12820202,17156477,4496719
2016-09-12,10889025,18951216,4638156
2016-09-13,13214321,28846461,5846527
2016-09-14,13957013,18840440,5624230
2016-09-15,9251913,12228557,5345299
2016-09-16,21538409,12956549,5411328
2016-09-19,7929097,12868796,4220492
2016-09-20,17521975,15967243,4338276
2016-09-21,15055917,18859273,4294496
2016-09-22,10738519,17035255,5204033
2016-09-23,12667106,22031468,5802054
2016-09-26,10860320,11912969,4688338
2016-09-27,9595020,16028688,4862235
2016-09-28,28117871,30979904,8044779
2016-09-29,19082873,34965511,6467699
2016-09-30,15961506,19307897,5110508
2016-10-03,7111178,10465332,3002177
2016-10-04,8222033,13750511,4532664
2016-10-05,8796215,17660818,4196919
2016-10-06,7718259,13514864,5269391
2016-10-07,6614908,16881090,3117585
2016-10-10,10060038,10553600,3766355
2016-10-11,9309029,15994673,3694799
2016-10-12,8172591,11785992,4128936
2016-10-13,9890258,12611413,4573963
2016-10-14,7991654,11115834,4494213
2016-10-17,7263061,13373589,5608542
2016-10-18,5429319,15738420,3814006
2016-10-19,9373416,15798523,5840676
2016-10-20,6866873,12850494,4088581
2016-10-21,10736170,8355031,4983840
2016-10-24,8354850,10074888,6117164
2016-10-25,6835886,9830522,4943788
2016-10-26,8488064,13519784,3678010
2016-10-27,9071099,18435265,4124652
2016-10-28,19072186,19045807,5822963
2016-10-31,16663771,16153837,4722121
2016-11-01,13050607,16540223,13046981
2016-11-02,11226097,26197426,5810259
2016-11-03,8836546,38327534,7863005
2016-11-04,13877124,29039646,7713947
2016-11-07,13576246,16077005,5855527
2016-11-08,9735164,11009255,4283334
2016-11-09,15901269,22354113,8582876
2016-11-10,14106227,19249962,9215391
2016-11-11,13812176,13642070,7290243
2016-11-14,12607502,15132705,8700334
2016-11-15,12883542,20432718,7443275
2016-11-16,8201169,16469427,7106373
2016-11-17,8200464,17795688,6668040
2016-11-18,8457804,13993762,5490189
2016-11-21,8861469,19714327,4330943
2016-11-22,9390248,17922551,5663108
2016-11-23,6061281,11231579,3958455
2016-11-24,6061281,11231579,3958455
2016-11-25,5043042,7921576,1319206
2016-11-28,7449634,20131745,3836731
2016-11-29,9181096,20300474,3976060
2016-11-30,22696209,74592364,9434899
2016-12-01,13005560,36112885,5690820
2016-12-02,9706646,16678730,4153338
2016-12-05,11741074,14032091,4933441
2016-12-06,11293620,13954503,4643750
2016-12-07,11182628,14177750,8381761
2016-12-08,9086715,14506414,6258052
2016-12-09,8021683,10999743,4563450
2016-12-12,15545409,21518418,5439494
2016-12-13,18829345,18022920,4355549
2016-12-14,16325355,21318969,3741185
2016-12-15,11155111,18064028,4855325
2016-12-16,20560435,20606480,9264720
2016-12-19,9674437,10731702,3490879
2016-12-20,7221041,10116033,2953084
2016-12-21,7308044,8167334,2450882
2016-12-22,8003106,9169496,3700583
2016-12-23,4266541,7624357,2344256
2016-12-26,4266541,7624357,2344256
2016-12-27,4960556,5384102,2200529
2016-12-28,6745940,8333827,2373358
2016-12-29,6684661,7019998,1939727
2016-12-30,9117830,7920492,2641605
2017-01-02,9117830,7920492,2641605
2017-01-03,10360622,13525956,4393600
2017-01-04,9434240,9323117,4151373
2017-01-05,14443183,9764740,4769923
2017-01-06,16518128,7807763,3935597
2017-01-09,13762259,8866686,5543707
2017-01-10,13283083,6969475,3993244
2017-01-11,11183689,9787363,6423151
2017-01-12,10407049,10282420,5343581
2017-01-13,8415603,5406827,3739757
2017-01-16,8415603,5406827,3739757
2017-01-17,13237348,6865047,3776391
2017-01-18,11831695,9286678,3659302
2017-01-19,16382903,6267139,3901113
2017-01-20,18739659,11179169,4239082
2017-01-23,11433897,9514775,3129426
2017-01-24,11858111,8316047,4946787
2017-01-25,9578522,8053516,6147386
2017-01-26,8779446,6978412,3698706
2017-01-27,10947882,6444456,3836483
2017-01-30,12789183,13623395,4550978
2017-01-31,19128106,10892719,5538449
2017-02-01,15111832,11449083,3975702
2017-02-02,12200100,9235813,4889780
2017-02-03,12746286,12758614,4069430
2017-02-06,9938198,9566020,3799313
2017-02-07,11705199,14647836,4857230
2017-02-08,14006281,13282283,5676701
2017-02-09,9602988,8911580,6778515
2017-02-10,8739814,11992619,7394535
2017-02-13,9071638,14778846,6123996
2017-02-14,11370525,11092094,8696997
2017-02-15,11768513,13241260,4673912
2017-02-16,10614956,23882206,4905177
2017-02-17,15645973,13921148,5259157
2017-02-20,15645973,13921148,5259157
2017-02-21,16419612,13302165,4796142
2017-02-22,12917374,14602335,5177711
2017-02-23,13847038,16366349,6441463
2017-02-24,11338715,12131010,5286608
2017-02-27,13465948,11130915,5015678
2017-02-28,16834163,13377907,5309417
2017-03-01,17482122,12991682,5277025
2017-03-02,14170309,11310758,5647005
2017-03-03,12304096,6984632,5089671
2017-03-06,9617240,8821140,5100805
2017-03-07,12711508,11320444,5391588
2017-03-08,16817743,24467105,7225961
2017-03-09,14721795,36557869,8182533
2017-03-10,11355151,24326687,6070041
2017-03-13,9571361,15432314,6118100
2017-03-14,11335678,24942891,5747013
2017-03-15,11970300,15756356,7500332
2017-03-16,9923804,9523244,5789495
2017-03-17,18834129,12129438,7553837
2017-03-20,7700258,11142568,4655581
2017-03-21,13387665,15350747,6446632
2017-03-22,11168417,10055389,4984519
2017-03-23,8927991,14362607,3975466
2017-03-24,9128489,11814853,4228916
2017-03-27,8481162,9639768,3350289
2017-03-28,11028598,13184954,4961358
2017-03-29,8495457,15762081,4351410
2017-03-30,44704931,13249700,8501408
2017-03-31,21750398,9802733,6520820
2017-04-03,11438652,8428273,4324440
2017-04-04,9270872,9142062,3051136
2017-04-05,13809062,19647056,4740765
2017-04-06,9554910,12363554,4285656
2017-04-07,8909620,12551113,3871733
2017-04-10,8885298,11566712,4063136
2017-04-11,8576521,9674099,4828751
2017-04-12,9516100,16372093,6533850
2017-04-13,8667873,15490945,4693006
2017-04-14,8667873,15490945,4693006
2017-04-17,9577168,11375158,4065041
2017-04-18,8821414,14014903,4404077
2017-04-19,10764437,13678193,5447455
2017-04-20,11649051,10314427,4094049
2017-04-21,9816669,14072858,4400227
2017-04-24,8729701,12722638,2945205
2017-04-25,10733813,10929393,3384563
2017-04-26,9445925,14794164,3559019
2017-04-27,12385262,21618281,6506485
2017-04-28,12072169,12815391,3724077
2017-05-01,8664074,7810750,4615127
2017-05-02,9102893,11147998,5447723
2017-05-03,10289047,12226484,6641184
2017-05-04,16164528,18856777,11589299
2017-05-05,10213004,21878546,7710430
2017-05-08,8097077,11747584,5637121
2017-05-09,8647093,10126082,4491295
2017-05-10,9520322,14454263,5881363
2017-05-11,10047312,12619308,3924825
2017-05-12,7480240,17497995,3675942
2017-05-15,10881472,15984820,5426751
2017-05-16,9574192,12764906,3524351
2017-05-17,11151066,14647038,4053482
2017-05-18,9905799,10776468,3506394
2017-05-19,13028511,12773472,4442805
2017-05-22,9218736,10009221,3008876
2017-05-23,6857205,10507179,3826682
2017-05-24,8263795,13020723,4697166
2017-05-25,12370873,26995539,4688286
2017-05-26,8227074,11294538,4675380
2017-05-29,8227074,11294538,4675380
2017-05-30,8973580,10953983,3381474
2017-05-31,13572313,14886131,7475466
2017-06-01,9884090,11616959,7530877
2017-06-02,21687305,13849648,6778398
2017-06-05,11527068,10988549,5403983
2017-06-06,12208648,10660289,7535630
2017-06-07,13096541,24182868,9861656
2017-06-08,11720670,15665919,10782760
2017-06-09,13553887,17448833,6236989
2017-06-12,18172938,13353362,5823394
2017-06-13,12175524,13933733,4041097
2017-06-14,13713956,14260298,4894201
2017-06-15,11862610,12857856,3982832
2017-06-16,39726069,16457424,6438519
2017-06-19,10445743,10139721,6818296
2017-06-20,13232586,18851783,4150077
2017-06-21,11422346,19904441,4976093
2017-06-22,8139916,12304566,3700511
2017-06-23,10611159,14252811,4844028
2017-06-26,7718724,9819888,3687612
2017-06-27,9221642,24909384,2976107
2017-06-28,9189671,23210374,4533379
2017-06-29,20525077,19772484,3959749
2017-06-30,14000606,15088431,4707823
2017-07-03,8422283,8812912,2806548
2017-07-04,8422283,8812912,2806548
2017-07-05,9830764,18979809,4070463
2017-07-06,9822388,17909368,4341003
2017-07-07,10777832,15445947,3257119
2017-07-10,6338262,10970423,2778252
2017-07-11,9681117,10410178,2757330
2017-07-12,7973953,17744826,3355836
2017-07-13,5582349,18171571,3053760
2017-07-14,7497160,15235661,2575077
2017-07-17,7914701,14067463,3966824
2017-07-18,8046119,14961552,3613717
2017-07-19,9393178,19457909,4062599
2017-07-20,9680965,18313409,3082246
2017-07-21,12268605,12368309,3418942
2017-07-24,9402997,9086090,2750554
2017-07-25,11465272,19405743,3941343
2017-07-26,10465120,14425313,3537841
2017-07-27,11149690,15910213,4622516
2017-07-28,22800785,15975308,3984814
2017-07-31,12820175,10798345,4102133
2017-08-01,10421212,13883796,2918207
2017-08-02,10410075,23072698,5934599
2017-08-03,10136708,32550204,5768938
2017-08-04,8292204,21773594,3313589
2017-08-07,7893753,19967845,3204400
2017-08-08,9028396,13121097,3231082
2017-08-09,8087101,13580863,2483393
2017-08-10,12580300,12984711,2991021
2017-08-11,10192375,11705821,2475317
2017-08-14,8862475,14230605,2464144
2017-08-15,10350948,11987284,3133324
2017-08-16,9117145,13837717,3687480
2017-08-17,13400356,15778209,4145853
2017-08-18,14324342,28729837,4042915
2017-08-21,10084930,11220227,2788993
2017-08-22,9503600,10107701,2563783
2017-08-23,7054254,6713538,2759772
2017-08-24,8678316,7748814,2387837
2017-08-25,6844875,7086851,1925903
2017-08-28,8229665,8585247,2381073
2017-08-29,7060375,7702913,2825465
2017-08-30,8217965,8904797,2855922
2017-08-31,15641735,15377172,3729611
2017-09-01,7361092,7786948,2635770
2017-09-04,7361092,7786948,2635770
2017-09-05,12784845,11143780,4619762
2017-09-06,18574383,16719931,4086281
2017-09-07,9836447,10872211,4037058
2017-09-08,8436033,18652332,3502021
2017-09-11,12955773,8551556,4402960
2017-09-12,7644403,8871420,4436640
2017-09-13,8369659,14818869,4139200
2017-09-14,9072627,13858566,4765031
2017-09-15,16043707,11335041,5291423
2017-09-18,8594362,10070296,4192394
2017-09-19,9277072,7781787,3221259
2017-09-20,10606860,15745095,3519805
2017-09-21,11984170,18559423,2676782
2017-09-22,10205789,11858658,3412058
2017-09-25,10496637,10769018,5157853
2017-09-26,8755080,14915364,3425532
2017-09-27,9724511,21628011,3523410
2017-09-28,15581727,19314285,3388661
2017-09-29,9943991,14510249,3559687
2017-10-02,6777857,11024592,2775090
2017-10-03,6081997,9736190,1862017
2017-10-04,6357088,14323322,3355841
2017-10-05,7375872,11090661,3028636
2017-10-06,6070620,7784198,2303213
2017-10-09,7489884,6952850,3117632
2017-10-10,7218534,9912484,3435363
2017-10-11,7023706,7727199,2044645
2017-10-12,6647544,6869646,3100040
2017-10-13,7180046,11382952,3377630
2017-10-16,5734007,11375775,2668801
2017-10-17,6444106,9219151,3092590
2017-10-18,6367060,9874703,2895117
2017-10-19,7945461,7345124,3568070
2017-10-20,9574086,7477768,4522973
2017-10-23,9829896,8690537,3410558
2017-10-24,7551187,12140211,6594212
2017-10-25,9153318,11255916,6910348
2017-10-26,9154478,11090876,4454192
2017-10-27,14866246,9057961,5064265
2017-10-30,7811142,18830332,4371611
2017-10-31,9754213,13880305,5235118
2017-11-01,9429983,17084309,6184177
2017-11-02,7775467,22530148,7875764
2017-11-03,6903526,17527056,6370511
2017-11-06,9276669,23687448,3986193
2017-11-07,8471825,17796789,3306510
2017-11-08,8691551,18182248,4635571
2017-11-09,10528803,13248795,2973928
2017-11-10,8693652,11447588,3493991
2017-11-13,6720400,9103704,3682367
2017-11-14,9251742,14720666,4178263
2017-11-15,9663606,13358198,4881537
2017-11-16,10527200,14253342,3595945
2017-11-17,9536383,10747254,5513692
2017-11-20,8468631,14094732,4157569
2017-11-21,8838367,11689607,2972635
2017-11-22,7941632,20262840,2696090
2017-11-23,7941632,20262840,2696090
2017-11-24,3851283,6794234,1596187
2017-11-27,9127527,11718222,8203533
2017-11-28,9794574,11013151,4807513
2017-11-29,9724992,10057448,5105310
2017-11-30,18592679,18675271,6525708
2017-12-01,13779254,18223492,4972592
2017-12-04,12597705,13136865,3678196
2017-12-05,9357185,14085702,2723755
2017-12-06,13398866,10756646,3304856
2017-12-07,11359598,7961454,3813135
2017-12-08,11988633,8441696,3063764
2017-12-11,8760735,10294757,2855752
2017-12-12,11307030,10990062,6178724
2017-12-13,10172650,14765400,3985824
2017-12-14,9492394,9192254,5522587
2017-12-15,26582332,16611347,7554041
2017-12-18,9363466,13875717,3092289
2017-12-19,10285052,14504545,4198199
2017-12-20,10620305,13842507,2844156
2017-12-21,13578133,15603162,2902364
2017-12-22,10161447,9381947,5465751
2017-12-25,10161447,9381947,5465751
2017-12-26,4777216,9356686,2214391
2017-12-27,7000612,7509808,2237532
2017-12-28,7495254,8274650,1682774
2017-12-29,8523411,7122692,3181641
2018-01-01,8523411,7122692,3181641
2018-01-02,11469254,8107020,2829956
2018-01-03,13957739,10684677,3463407
2018-01-04,10863030,14052092,2706051
2018-01-05,11047571,11962183,3240275
2018-01-08,10927088,7096781,3174577
2018-01-09,8131631,12120455,2985147
2018-01-10,10822328,7921869,4094333
2018-01-11,14366028,13189720,5061075
2018-01-12,9834511,10312221,5781137
2018-01-15,9834511,10312221,5781137
2018-01-16,10882786,13872546,4333089
2018-01-17,10545961,19818169,3109926
2018-01-18,9223679,10145137,3012402
2018-01-19,13090032,7614689,3224752
2018-01-22,10270380,13343213,4309443
2018-01-23,10281817,11965002,3313985
2018-01-24,10316111,11367172,3356098
2018-01-25,11271867,9251595,2468719
2018-01-26,10514408,8947447,2345884
2018-01-29,9315696,7613634,3014770
2018-01-30,12407974,12467494,4415223
2018-01-31,14404736,9760274,4626137
2018-02-01,17971012,9494424,3165336
2018-02-02,29822144,10885077,5505047
2018-02-05,30452693,15320078,5786781
2018-02-06,36262761,16059039,5616417
2018-02-07,21994450,17435450,5630286
2018-02-08,25650789,15091086,7126269
2018-02-09,29491592,17712221,5440264
2018-02-12,19340419,15792415,3951715
2018-02-13,11926610,8344398,4519843
2018-02-14,17188405,14150091,8007764
2018-02-15,14432424,28950225,5020812
2018-02-16,13722431,17797975,5793646
2018-02-19,13722431,17797975,5793646
2018-02-20,13387346,22272620,5107948
2018-02-21,11714985,16923664,5113629
2018-02-22,14020186,18251556,3785333
2018-02-23,13378795,13864993,3854662
2018-02-26,16940419,13662212,7385607
2018-02-27,14629517,12587922,6623649
2018-02-28,17087816,15725448,8149584
2018-03-01,15696665,13600310,5519323
2018-03-02,15630250,11468734,3752456
2018-03-05,14890975,12024009,4746913
2018-03-06,10754291,9045204,4435259
2018-03-07,27255463,8609635,4694166
2018-03-08,19299848,10863135,9402574
2018-03-09,19714061,8747156,12059707
2018-03-12,14226706,10335613,7821475
2018-03-13,13739675,15732246,4840251
2018-03-14,14820676,12526382,3466681
2018-03-15,15640605,10797980,3226136
2018-03-16,32109720,19356808,6189285
2018-03-19,12744781,9637731,4686207
2018-03-20,13003183,12136774,4877662
2018-03-21,15418459,16591062,4784762
2018-03-22,17737019,11604368,6320665
2018-03-23,20157333,11890897,6253712
2018-03-26,15032698,13256208,3938800
2018-03-27,15821908,10584878,5378631
2018-03-28,18163875,11221623,10391821
2018-03-29,14882885,11153849,7823482
2018-03-30,14882885,11153849,7823482
2018-04-02,17891083,10380676,6816447
2018-04-03,15999151,8402774,7485955
2018-04-04,13122170,8410330,6631880
2018-04-05,14199993,20987261,7941162
2018-04-06,14299567,12888998,6898770
2018-04-09,11103111,8334551,7918717
2018-04-10,19292201,11617497,8005143
2018-04-11,13733954,16953072,4999431
2018-04-12,13270354,13817632,4736767
2018-04-13,10924966,18106385,6321755
2018-04-16,10743642,13165948,5205572
2018-04-17,10478093,15749373,4187694
2018-04-18,12061415,30393235,4276327
2018-04-19,11291467,16333749,5457559
2018-04-20,12072220,11724401,5027932
2018-04-23,11729830,9203143,3220763
2018-04-24,14101979,11266324,4876792
2018-04-25,13867464,9692232,5583100
2018-04-26,14554442,12522362,3672126
2018-04-27,16346833,7276994,2901688
2018-04-30,15028835,18750446,3742391
2018-05-01,16231035,11228641,3895045
2018-05-02,13883683,11193934,3978290
2018-05-03,12243149,27319902,4773167
2018-05-04,9887192,16161632,2975010
2018-05-07,15071534,19009072,5105419
2018-05-08,17430440,18752177,7159965
2018-05-09,17142097,21226651,11029957
2018-05-10,17710327,13150870,5741221
2018-05-11,14751042,9325967,6621328
2018-05-14,11852098,12014739,6459553
2018-05-15,12595736,11199008,4637342
2018-05-16,9569958,9687684,5235656
2018-05-17,11224123,10013474,4935457
2018-05-18,10030931,7895513,3498594
2018-05-21,8822364,10459922,5806073
2018-05-22,10753428,12205653,3827440
2018-05-23,15140896,10617529,3507337
2018-05-24,13360454,12430820,3319344
2018-05-25,14561988,14058722,4152080
2018-05-28,14561988,14058722,4152080
2018-05-29,14644813,9384920,4130632
2018-05-30,16627467,9503358,3781020
2018-05-31,15803095,12862507,4861137
2018-06-01,9906117,12991795,4940156
2018-06-04,10954709,12122553,4312027
2018-06-05,12059328,12466590,6391030
2018-06-06,11603278,11156286,6534344
2018-06-07,13502457,8306422,7228953
2018-06-08,14350376,8879296,5533220
2018-06-11,10831599,10121701,5813427
2018-06-12,12351787,10768772,6053580
2018-06-13,12049278,11237962,4401642
2018-06-14,11477252,9308231,3675563
2018-06-15,23797456,22233950,7476915
2018-06-18,9192567,14895335,5247191
2018-06-19,8759708,11348614,5426962
2018-06-20,8917708,11199095,4452497
2018-06-21,10990663,14464610,4997353
2018-06-22,16707364,19248347,5699085
2018-06-25,10557249,13759744,3780329
2018-06-26,10382781,14072706,3925592
2018-06-27,12725864,14707143,5131817
2018-06-28,9390654,13084851,3507099
2018-06-29,17323207,13396238,3849695
2018-07-02,9998318,12467428,3091306
2018-07-03,7197258,8530142,2978893
2018-07-04,7197258,8530142,2978893
2018-07-05,9035873,8940090,3670183
2018-07-06,7637116,9373057,2801072
2018-07-09,7158596,11746371,3001602
2018-07-10,8806167,15721456,4601458
2018-07-11,10405268,11158902,5109416
2018-07-12,9762532,8909015,4694091
2018-07-13,8721525,8273929,4723923
2018-07-16,8307109,23620088,3661671
2018-07-17,7373347,11575691,3476131
2018-07-18,8711884,17404629,3827000
2018-07-19,8659127,12557758,3495475
2018-07-20,9209376,11074867,3147194
2018-07-23,8425921,7610487,3328216
2018-07-24,11120967,6548613,7053068
2018-07-25,9730668,6775325,4623224
2018-07-26,13210099,7528128,4169160
2018-07-27,18223602,8492355,2787348
2018-07-30,11282875,8970087,3198908
2018-07-31,11716849,10416513,5069944
2018-08-01,8936719,12619181,3417586
2018-08-02,8364294,15249539,3355720
2018-08-03,7811180,13441689,3281573
2018-08-06,10041825,9921551,3224184
2018-08-07,10698498,10473868,3933400
2018-08-08,7275062,10732735,4539360
2018-08-09,9828499,8366903,14625180
2018-08-10,12954268,5786055,8380585
2018-08-13,10308844,7071506,6056022
2018-08-14,8005941,7967141,5701555
2018-08-15,16307784,16138194,6489462
2018-08-16,11519944,10360454,5470610
2018-08-17,10178657,10455213,4795120
2018-08-20,8152096,7269201,3119024
2018-08-21,9192229,7817435,3282375
2018-08-22,10098237,10280347,2948908
2018-08-23,7203899,6363302,2313636
2018-08-24,6545216,10284908,2580762
2018-08-27,6671872,6251336,2242062
2018-08-28,8823352,10588163,3173182
2018-08-29,8004792,17308302,3149751
2018-08-30,7450853,11242105,3216602
2018-08-31,10700016,7197175,3227761
2018-09-03,10700016,7197175,3227761
2018-09-04,8855027,6978148,5131583
2018-09-05,13878418,10397266,3851040
2018-09-06,13320645,12790973,4084214
2018-09-07,16417783,6896200,3317648
2018-09-10,10817918,5881100,2732136
2018-09-11,11891917,9748678,4164676
2018-09-12,11556657,8681000,5535723
2018-09-13,11162714,7607410,7684714
2018-09-14,9442579,8089131,4672685
2018-09-17,8403325,5858075,3000579
2018-09-18,9219890,8904846,3789670
2018-09-19,10413591,8008993,3785027
2018-09-20,11198171,7970079,3752941
2018-09-21,26639437,11655285,8386063
2018-09-24,13549454,17304588,4700621
2018-09-25,12200690,13944017,5316270
2018-09-26,10275498,13096259,4221418
2018-09-27,7895430,10788672,5241429
2018-09-28,9884941,11899435,6414567
2018-10-01,8568210,14321932,4169550
2018-10-02,8453138,9888603,3474172
2018-10-03,10206722,12575947,3871172
2018-10-04,10204586,10949500,3960669
2018-10-05,9217393,9526936,3254515
2018-10-08,13242364,7871062,5287692
2018-10-09,10177885,9196075,3328606
2018-10-10,16573426,16397060,5059169
2018-10-11,20320055,22326072,5673770
2018-10-12,15216300,15494854,4274524
2018-10-15,10558752,11811242,9755664
2018-10-16,9781778,12526938,7987456
2018-10-17,12247748,9543955,5399189
2018-10-18,17448566,9053983,5417243
2018-10-19,12098692,13550955,5693573
2018-10-22,9474105,10419262,4341273
2018-10-23,15465125,18252703,5664666
2018-10-24,16085735,18081329,7294193
2018-10-25,12315457,11616959,5413760
2018-10-26,18160517,11082797,6326689
2018-10-29,15707035,11731778,4507437
2018-10-30,17758234,14023427,4770725
2018-10-31,16629070,14835413,4994786
2018-11-01,14159250,12954014,6132732
2018-11-02,19350357,17873843,6663860
2018-11-05,15814958,10104830,7969792
2018-11-06,9063313,14573761,11077011
2018-11-07,12699787,19896469,5995343
2018-11-08,16865480,21615627,4441365
2018-11-09,15070124,17026279,6984136
2018-11-12,11906573,11315167,5204398
2018-11-13,15530229,21411319,5500406
2018-11-14,18552107,19490658,5873767
2018-11-15,18976021,14108063,4813067
2018-11-16,13704889,15480799,4761864
2018-11-19,9430819,10829900,5149566
2018-11-20,15533723,14425596,4476495
2018-11-21,9685726,12515407,4505480
2018-11-22,9685726,12515407,4505480
2018-11-23,10875425,7405061,3248759
2018-11-26,13741093,10699174,4534279
2018-11-27,10344600,13631676,5545863
2018-11-28,11482133,10034349,4660068
2018-11-29,10255232,9998417,3615158
2018-11-30,14040141,13260439,5947821
2018-12-03,19414847,15108429,5019100
2018-12-04,18540692,13177523,4455925
2018-12-05,18540692,13177523,4455925
2018-12-06,23218054,19130065,7532941
2018-12-07,16224694,21693595,5494595
2018-12-10,17946162,15896318,6135687
2018-12-11,15742418,21603928,6031165
2018-12-12,14559839,18043767,6621436
2018-12-13,13749746,13073872,6730366
2018-12-14,12669300,12708550,5090169
2018-12-17,15464117,13529514,5665565
2018-12-18,18681179,18485728,5804736
2018-12-19,21679608,14545320,6612059
2018-12-20,28723650,20450972,7295298
2018-12-21,47287319,24619848,12543038
2018-12-24,14262825,7147912,4131104
2018-12-25,14262825,7147912,4131104
2018-12-26,24887738,16234387,7171570
2018-12-27,22077044,12227235,6814700
2018-12-28,19710603,9668945,5029134
2018-12-31,15807007,9646866,5126217
2019-01-01,15807007,9646866,5126217
2019-01-02,16727246,10497083,5355297
2019-01-03,13866115,10915080,5465488
2019-01-04,16043642,14563501,6367400
2019-01-07,10844159,10186707,5771649
2019-01-08,11438966,12484826,5420133
2019-01-09,13473519,12816618,4515860
2019-01-10,13151117,13253774,4983319
2019-01-11,9790134,10834590,3894592
2019-01-14,11012361,10729557,6604004
2019-01-15,10298309,10065826,4499656
2019-01-16,12595640,15802413,4484523
2019-01-17,10141743,10236061,4767491
2019-01-18,15759166,11621094,4596497
2019-01-21,15759166,11621094,4596497
2019-01-22,15035601,13352919,4140821
2019-01-23,13187221,9966797,3730558
2019-01-24,11272716,7734244,4035302
2019-01-25,8998323,9403828,3476276
2019-01-28,13678449,7330965,3795305
2019-01-29,10513242,8009899,3887316
2019-01-30,11524722,9960579,3894155
2019-01-31,19876696,12572488,5914102
2019-02-01,22968697,12970321,5387236
2019-02-04,15483835,13278864,3250936
2019-02-05,12786736,7258778,2916307
2019-02-06,10866901,9737308,3205705
2019-02-07,14418911,13165628,4421734
2019-02-08,11959689,11329940,4651636
2019-02-11,10434911,11886028,5489526
2019-02-12,12599206,13141519,3903135
2019-02-13,13214556,25621097,7206240
2019-02-14,12773209,35969990,5701633
2019-02-15,14330339,16683487,6058118
2019-02-18,14330339,16683487,6058118
2019-02-19,13551469,11336295,5082878
2019-02-20,12633126,14394690,4017599
2019-02-21,10266012,10405080,4122728
2019-02-22,9519281,12132340,5035886
2019-02-25,9274378,13679919,3594632
2019-02-26,10990586,10659681,2764758
2019-02-27,12398206,9759438,2959262
2019-02-28,14597883,13445073,3856278
2019-03-01,15419422,11559910,3865999
2019-03-04,18090161,11720472,4198622
2019-03-05,13745465,9931486,3699215
2019-03-06,18633599,10385885,4453352
2019-03-07,16541732,11165805,3156911
2019-03-08,16211252,13041621,5581521
2019-03-11,11060876,10014488,3770211
2019-03-12,11320150,8681382,3195458
2019-03-13,10260235,9722456,2561593
2019-03-14,9976797,9602659,2446261
2019-03-15,25316599,12215336,5602916
2019-03-18,9840552,10376151,3256838
2019-03-19,13936496,9457735,3695462
2019-03-20,13133738,13052110,5112825
2019-03-21,10116958,12806802,5284635
2019-03-22,12497707,16337484,6138584
2019-03-25,11320386,11803835,6588636
2019-03-26,9473083,14592981,5885746
2019-03-27,7258729,7851445,3559787
2019-03-28,7412348,14927697,2522483
2019-03-29,10889251,9442604,3190433
2019-04-01,10816444,14543366,2809924
2019-04-02,7646036,11499566,3312365
2019-04-03,8562912,11452255,3056832
2019-04-04,9360593,6670661,2855715
2019-04-05,10059368,9184797,3808402
2019-04-08,9108518,9828418,2527661
2019-04-09,8561582,8182579,3301441
2019-04-10,10324305,8858174,3645798
2019-04-11,9115235,9147835,2956440
2019-04-12,16638655,11850756,10070587
2019-04-15,8536136,8834465,11793744
2019-04-16,7005715,11139270,11094214
2019-04-17,8311362,11885652,6553953
2019-04-18,9493885,9068989,8481040
2019-04-19,9493885,9068989,8481040
2019-04-22,10770596,19197174,5873957
2019-04-23,10595101,12840774,10307311
2019-04-24,11684021,12950174,28235244
2019-04-25,11135004,10285733,16502775
2019-04-26,18053468,10651664,10170806
2019-04-29,10023667,8335693,9112831
2019-04-30,13721521,9491389,24103883
2019-05-01,13909751,13709315,11084249
2019-05-02,15360385,28035154,18795097
2019-05-03,12180737,15721801,10790014
2019-05-06,13367124,10869488,25494837
2019-05-07,13498822,14874814,21567231
2019-05-08,11352859,12232789,17378525
2019-05-09,13221649,10373024,36678639
2019-05-10,11055957,9029506,17791442
2019-05-13,12176298,10308064,12890197
2019-05-14,10548424,9638432,7195467
2019-05-15,8918004,7123527,13684514
2019-05-16,8105630,9776165,10655209
2019-05-17,9279383,9007001,13991460
2019-05-20,7154620,10925947,9405527
2019-05-21,8490107,11141881,12046959
2019-05-22,7858317,12054027,13530510
2019-05-23,14657221,14136619,21382598
2019-05-24,7056566,8827397,14996818
2019-05-27,7056566,8827397,14996818
2019-05-28,14912925,8829963,8680698
2019-05-29,13645182,14676857,9055441
2019-05-30,9362146,12146343,16919034
2019-05-31,13983305,13256422,11162268
2019-06-03,11831255,12762868,11148502
2019-06-04,10423019,10045916,8835749
2019-06-05,10617831,17933914,18563843
2019-06-06,11738903,13406278,11660776
2019-06-07,9095481,11536265,11714296
2019-06-10,7760402,8306224,9861507
2019-06-11,9415134,8501089,12867823
2019-06-12,7921018,11110736,7644928
2019-06-13,8986427,12087876,8013702
2019-06-14,8575907,9028002,7779625
2019-06-17,9355715,10631760,7424563
2019-06-18,10091483,11841058,9473860
2019-06-19,9757390,9804574,8907745
2019-06-20,16229715,17483082,7389883
2019-06-21,23108130,13234057,10298485
2019-06-24,10012236,8721780,9648145
2019-06-25,9739970,9211829,4575055
2019-06-26,11365476,10871827,7025068
2019-06-27,8147803,7430860,5387233
2019-06-28,14781298,10205448,6752247
2019-07-01,11453769,9195870,7258514
2019-07-02,10475419,11176252,10160982
2019-07-03,5246096,6382781,4435150
2019-07-04,5246096,6382781,4435150
2019-07-05,6881115,7194585,5613218
2019-07-08,7876097,7711572,4740299
2019-07-09,7863026,7237247,7461201
2019-07-10,8077369,7363724,7594659
2019-07-11,6404194,5848768,6399567
2019-07-12,6139299,7002984,9102835
2019-07-15,7116356,9323210,10130607
2019-07-16,10197358,11432042,8790208
2019-07-17,7419314,12724133,7615260
2019-07-18,11425663,9858836,9689026
2019-07-19,11243310,9224067,7196257
2019-07-22,8370141,10073343,5997828
2019-07-23,8551205,7851838,5822580
2019-07-24,8260245,8340262,6096196
2019-07-25,9083914,8621641,6627412
2019-07-26,7677427,7039968,5452204
2019-07-29,7091889,9132843,6412060
2019-07-30,6961197,11972697,7420307
2019-07-31,13104592,9589585,12342283
2019-08-01,17132815,16134909,14069940
2019-08-02,21376742,14177756,12206940
2019-08-05,19080930,16870749,9977723
2019-08-06,12282362,13255323,13008033
2019-08-07,15231052,20579082,16686992
2019-08-08,14304052,20747187,23937095
2019-08-09,13686606,11947796,9879738
2019-08-12,9542598,10451522,13456351
2019-08-13,12438513,12005147,17643112
2019-08-14,18114362,14325840,16953357
2019-08-15,12874373,12160389,9352906
2019-08-16,12649037,10589472,8513844
2019-08-19,10032824,9857274,9851079
2019-08-20,9744252,8523875,7379147
2019-08-21,10134525,11897622,8500288
2019-08-22,8973175,7948208,5865883
2019-08-23,15373737,14135819,12546529
2019-08-26,7344634,8680270,8304224
2019-08-27,9494621,8011910,7322254
2019-08-28,9656818,9074733,7084699
2019-08-29,9004455,10028733,6651784
2019-08-30,9181055,9587364,6881895
2019-09-02,9181055,9587364,6881895
2019-09-03,9849840,10041713,6917730
2019-09-04,6973483,7214116,4838512
2019-09-05,9902285,11374808,9680122
2019-09-06,10418504,12410031,10958768
2019-09-09,12840418,12783045,11069776
2019-09-10,13810789,10453852,9770898
2019-09-11,10525669,11736300,7662923
2019-09-12,9100653,14044434,7403671
2019-09-13,7337194,7715677,11149355
2019-09-16,19830182,29418258,24116047
2019-09-17,14644957,20206145,15554177
2019-09-18,7375224,17022221,9875437
2019-09-19,8316785,12423388,10546468
2019-09-20,19862816,15789450,8621454
2019-09-23,7808263,9833713,7367969
2019-09-24,14306865,16160596,6530225
2019-09-25,8056587,13340957,4373189
2019-09-26,8443867,12847947,4973448
2019-09-27,8224747,14131620,4516267
2019-09-30,10159343,9184331,6526038
2019-10-01,11431460,12563998,5235744
2019-10-02,14635321,15468764,6077647
2019-10-03,12782931,12367298,5714127
2019-10-04,10589034,10752332,5112373
2019-10-07,11576036,13261486,7498527
2019-10-08,10349381,10462404,8760986
2019-10-09,8626168,10536092,7124978
2019-10-10,8447220,10753445,7799474
2019-10-11,10176021,10328337,7390718
2019-10-14,6864352,12674555,12952421
2019-10-15,6655121,11031602,6219731
2019-10-16,9811267,8065230,5813900
2019-10-17,9931755,9806743,6485580
2019-10-18,13473727,12563846,6972444
2019-10-21,10473346,7367415,6771733
2019-10-22,9503140,9289672,10623391
2019-10-23,8722963,9642752,7831184
2019-10-24,9069090,8256416,7274303
2019-10-25,7607192,10132235,5270726
2019-10-28,11209579,7489890,4644363
2019-10-29,13894441,8982747,6373363
2019-10-30,12840564,11170919,5558514
2019-10-31,16169055,11492008,12515362
2019-11-01,14108731,12586634,9024791
2019-11-04,15858154,13325156,13452253
2019-11-05,14930416,14027151,19344336
2019-11-06,13996462,18587155,17042722
2019-11-07,13073780,16015324,15278621
2019-11-08,12107599,15567260,13610893
2019-11-11,8675982,11866803,14586380
2019-11-12,13918873,12294124,12823655
2019-11-13,12042872,11762385,9389469
2019-11-14,11281012,9465225,8833727
2019-11-15,11253689,9164451,14166226
2019-11-18,10098937,9683094,13131619
2019-11-19,12614042,9683155,12540422
2019-11-20,16931767,13862476,10302774
2019-11-21,14080938,11167466,9308850
2019-11-22,12143555,15753068,9467566
2019-11-25,10671464,18271401,10266366
2019-11-26,15461901,18973993,13366687
2019-11-27,8396166,9950653,7060390
2019-11-28,8396166,9950653,7060390
2019-11-29,7980847,7395405,4664012
2019-12-02,11117997,12643283,10832109
2019-12-03,12867766,10620869,11612891
2019-12-04,11051691,12499151,10538497
2019-12-05,13110776,10411742,9216436
2019-12-06,13711715,11118965,10418495
2019-12-09,12406434,9266283,17393930
2019-12-10,14283425,8363555,12618009
2019-12-11,13748805,7991428,7862983
2019-12-12,17074900,10808860,9483871
2019-12-13,12276521,9688674,9888602
2019-12-16,15209258,10286387,9574113
2019-12-17,14457719,11856434,13580214
2019-12-18,13652308,12425128,9416696
2019-12-19,13278703,11183659,7469391
2019-12-20,35093469,20635187,17276173
2019-12-23,14173807,10030776,10019939
2019-12-24,3979442,4065022,4696328
2019-12-25,3979442,4065022,4696328
2019-12-26,8842249,7329294,6050153
2019-12-27,10518520,7387007,7054657
2019-12-30,12691254,6504938,10494209
2019-12-31,13158024,7027777,10374814
2020-01-01,13158024,7027777,10374814
2020-01-02,12406912,10127979,12791380
2020-01-03,17390568,14861485,15099860
2020-01-06,20082493,12023778,16660648
2020-01-07,17496314,9623861,12171792
2020-01-08,15140731,15595341,12253385
2020-01-09,14812442,14048333,14636205
2020-01-10,11997133,11210280,10543314
2020-01-13,9965210,12674675,8457171
2020-01-14,16267403,11710731,12187350
2020-01-15,11390257,8458577,7085996
2020-01-16,13340349,9898772,9757575
2020-01-17,18144097,8375328,14379270
2020-01-20,18144097,8375328,14379270
2020-01-21,17982599,12326616,10814191
2020-01-22,17033140,10680715,12953206
2020-01-23,19605865,10974900,10789804
2020-01-24,18238553,14343406,8797598
2020-01-27,21231010,16137376,9303860
2020-01-28,19664697,11954989,7206362
2020-01-29,14229484,14526485,6656869
2020-01-30,18544663,16276283,9509075
2020-01-31,34282899,21638321,16035687
2020-02-03,27397306,14591740,8731785
2020-02-04,31922057,15017420,7859617
2020-02-05,32099203,14443926,8613192
2020-02-06,16055371,11759932,6201474
2020-02-07,15112535,10401692,5030134
2020-02-10,20934456,12410004,7915417
2020-02-11,14908715,11352065,12132742
2020-02-12,17862134,23898517,8214630
2020-02-13,16949364,30411397,8402366
2020-02-14,10855299,19189545,6401461
2020-02-17,10855299,19189545,6401461
2020-02-18,18954757,17998235,9519205
2020-02-19,12804907,17660373,7536313
2020-02-20,14817238,14551112,7728902
2020-02-21,20315705,18987885,8921118
2020-02-24,32096615,21076854,12503141
2020-02-25,36414538,27736221,22058562
2020-02-26,29812354,26976650,22703552
2020-02-27,48141281,35230801,23516861
2020-02-28,62468380,32563556,24190102
2020-03-02,38127634,23726117,17223730
2020-03-03,50580657,28467075,19991638
2020-03-04,24079615,19274366,14006621
2020-03-05,40788165,19893921,19217981
2020-03-06,55640488,31805326,38969055
2020-03-09,72896300,105292460,104930331
2020-03-10,60376720,103558771,110525340
2020-03-11,52015036,69932111,70594865
2020-03-12,65725310,51908762,73141752
2020-03-13,79891532,46499476,64910364
2020-03-16,48924723,40301328,37309727
2020-03-17,41204445,43146511,34731505
2020-03-18,54036416,37555231,41257229
2020-03-19,49412441,38897535,38092458
2020-03-20,76534632,48008112,50833307
2020-03-23,56952490,32313288,36784043
2020-03-24,61835603,45462996,42020553
2020-03-25,56607669,45456375,55409624
2020-03-26,46754736,50200006,70322564
2020-03-27,51558552,44091858,34675569
2020-03-30,45834987,51862485,44717611
2020-03-31,41491612,45654201,35568418
2020-04-01,36045930,52822623,39837234
2020-04-02,62000162,86465040,79141622
2020-04-03,48425662,69728170,92062316
2020-04-06,41301933,63813571,52068112
2020-04-07,48921827,76558193,54728628
2020-04-08,33355550,60575907,48988571
2020-04-09,60208060,100806160,110851096
2020-04-10,60208060,100806160,110851096
2020-04-13,29651941,56835383,43697484
2020-04-14,30768967,45640891,40661017
2020-04-15,33125000,42160607,47465236
2020-04-16,30933970,40223079,40453931
2020-04-17,40829135,48008481,51691011
2020-04-20,39260780,50013421,74975477
2020-04-21,44381590,41721323,62591153
2020-04-22,27084692,38178656,44568051
2020-04-23,35270950,47762763,55054636
2020-04-24,28667004,52861671,41030017
2020-04-27,28274373,32910601,39972533
2020-04-28,26545071,30201415,46179356
2020-04-29,29502522,49212863,59582825
2020-04-30,37076298,76939689,44491712
2020-05-01,35399315,37538048,36902354
2020-05-04,27465643,31074170,37197387
2020-05-05,29276154,51969938,49502156
2020-05-06,22659018,30065962,57658966
2020-05-07,22160320,41313095,35565380
2020-05-08,19998701,33772204,31352419
2020-05-11,22258025,29104451,22899365
2020-05-12,25439095,46900349,27103709
2020-05-13,30827912,67595822,35258098
2020-05-14,24856521,33303674,32063964
2020-05-15,22445564,35936015,27756356
2020-05-18,32046113,45410758,39943812
2020-05-19,21771647,34827532,28708575
2020-05-20,19352436,36032452,29203145
2020-05-21,19130740,30115771,35671421
2020-05-22,15406404,19179922,26334296
2020-05-25,15406404,19179922,26334296
2020-05-26,20356452,28896742,28032976
2020-05-27,20788290,35656269,31402970
2020-05-28,19705894,46706986,39904917
2020-05-29,25886238,107575361,61378450
2020-06-01,19038401,44238359,36779455
2020-06-02,22318978,36405453,40165924
2020-06-03,23418047,33631195,41191553
2020-06-04,18731361,47124922,39027865
2020-06-05,41328943,65424624,119073438
2020-06-08,33579420,70676913,131285759
2020-06-09,27276943,48244418,71936766
2020-06-10,31156787,38036819,50740462
2020-06-11,39182998,42126054,61262888
2020-06-12,30978124,37745050,44937864
2020-06-15,27929288,30214820,46134008
2020-06-16,26203378,37950695,57504992
2020-06-17,19279402,32768601,38371633
2020-06-18,21478681,19947751,36051693
2020-06-19,48899935,44425607,70262404
2020-06-22,17565387,25006150,30116715
2020-06-23,18916587,24071937,33856844
2020-06-24,27626940,32388609,32321997
2020-06-25,19353595,25389200,23327566
2020-06-26,31518584,28808288,31831922
2020-06-29,17052128,24802815,24504484
2020-06-30,22153616,23412118,26525209
2020-07-01,17290059,24093766,32856677
2020-07-02,18216593,28868050,28133241
2020-07-03,18216593,28868050,28133241
2020-07-06,22692048,36221872,23933246
2020-07-07,17407625,25392509,20117702
2020-07-08,18291392,24066222,20482339
2020-07-09,25881977,24227948,22124580
2020-07-10,18950975,32454199,17584209
2020-07-13,20028282,32414779,21665693
2020-07-14,21444117,32180874,19740497
2020-07-15,17332448,30837805,22801408
2020-07-16,14673677,20631040,15462953
2020-07-17,17965089,24785359,21090995
2020-07-20,18553910,20886538,21260151
2020-07-21,28833574,37245147,44473166
2020-07-22,21345403,23132023,16994332
2020-07-23,17934429,20648208,14044090
2020-07-24,16415314,18246830,12779120
2020-07-27,18547862,21472920,13963307
2020-07-28,19190502,14634031,12859463
2020-07-29,14143181,16081217,16384026
2020-07-30,29901095,20415714,29336448
2020-07-31,32123002,21249455,15454887
2020-08-03,23040541,22435659,22888037
2020-08-04,17724024,24005277,21703229
2020-08-05,17445784,33060129,24675455
2020-08-06,14434935,31515125,18745132
2020-08-07,18757929,28780715,20961254
2020-08-10,24367750,25702967,26718499
2020-08-11,28987456,28332668,41894035
2020-08-12,22508884,20526994,31798825
2020-08-13,17338689,16856163,28459103
2020-08-14,13595695,16328599,21267234
2020-08-17,15554630,22005501,31108817
2020-08-18,13014042,26614689,16758446
2020-08-19,14473088,24296108,18143363
2020-08-20,15678549,23007640,21869735
2020-08-21,25517743,27861279,22665952
2020-08-24,18208876,21120747,18722936
2020-08-25,31285583,17781848,16296264
2020-08-26,26794969,15400135,19787735
2020-08-27,32034320,19257373,20130095
2020-08-28,33477089,18881423,14105842
2020-08-31,25259605,24298754,17913834
2020-09-01,22478197,17461065,23054248
2020-09-02,26413358,24820900,19131811
2020-09-03,28817178,27732797,26076883
2020-09-04,24632503,30189233,22767785
2020-09-07,24632503,30189233,22767785
2020-09-08,38496439,35070664,36644849
2020-09-09,25886147,27643914,22103520
2020-09-10,34381244,35742163,43466333
2020-09-11,26838556,30568174,35175696
2020-09-14,26129942,22333008,25198944
2020-09-15,23724212,22956325,34684755
2020-09-16,30915806,35222200,53219446
2020-09-17,24696211,22619995,27860638
2020-09-18,46853817,49201583,40722917
2020-09-21,35351771,23009037,23028121
2020-09-22,27303218,17571431,17454842
2020-09-23,31251419,20822221,24502805
2020-09-24,26796036,28672830,22870416
2020-09-25,23486012,24451436,30812473
2020-09-28,23396542,25052276,22622609
2020-09-29,20788842,23584779,29576585
2020-09-30,22223657,24668526,23363965
2020-10-01,36890240,25383247,32990258
2020-10-02,32694347,33777365,28572271
2020-10-05,22965210,26467172,24670979
2020-10-06,26731758,29787736,29493835
2020-10-07,23779272,21641171,17454772
2020-10-08,34413653,25876336,27490269
2020-10-09,29228621,23129938,26633443
2020-10-12,17912760,24537299,18540232
2020-10-13,20995131,21208534,15524268
2020-10-14,17756487,23466306,20106746
2020-10-15,23251591,21728163,18906940
2020-10-16,22636950,25005833,19244745
2020-10-19,23645846,28806284,22074745
2020-10-20,23040596,27770559,17400082
2020-10-21,28619325,27318510,22783380
2020-10-22,31831452,29831560,25219240
2020-10-23,27429113,30662123,19872442
2020-10-26,30888694,27976581,26754805
2020-10-27,27100739,29113804,20727699
2020-10-28,42136363,35781593,30986797
2020-10-29,38622834,33146254,28731900
2020-10-30,47897924,28399618,23146458
2020-11-02,40130308,28883791,28544051
2020-11-03,36772973,27651058,19259132
2020-11-04,35410056,48596152,22377014
2020-11-05,30824105,51484419,35111217
2020-11-06,33985603,33393281,21645305
2020-11-09,76879374,63052025,60444831
2020-11-10,49055366,38749014,31413909
2020-11-11,34124484,29621487,28596730
2020-11-12,30955266,25598488,19654880
2020-11-13,29260240,22610827,16907033
2020-11-16,38596815,36501624,24354797
2020-11-17,26521077,31148596,18665692
2020-11-18,31068017,41398464,29659874
2020-11-19,26954361,20316532,20162696
2020-11-20,18359574,30192804,20175001
2020-11-23,29367591,42087002,44957070
2020-11-24,46979252,42252300,54354972
2020-11-25,28178174,27827313,29706242
2020-11-26,28178174,27827313,29706242
2020-11-27,14971948,14842049,13272512
2020-11-30,45614336,33838824,31056448
2020-12-01,32503112,31057693,31362657
2020-12-02,29369501,29016058,33045535
2020-12-03,27038943,35813078,26614756
2020-12-04,28723633,41865943,52874458
2020-12-07,24899416,33211996,32247849
2020-12-08,32573849,36805074,32923837
2020-12-09,37824821,50265655,44634837
2020-12-10,38058672,40089280,52292559
2020-12-11,25478805,25131169,30940995
2020-12-14,30595042,27548642,36149220
2020-12-15,27239694,23523291,26899293
2020-12-16,34273033,25561613,17050819
2020-12-17,21204637,19920749,17630781
2020-12-18,46596771,29291192,38206596
2020-12-21,27869522,24156370,29666912
2020-12-22,21811972,19501918,21538117
2020-12-23,19085878,30780610,24012805
2020-12-24,8039006,15690749,9203916
2020-12-25,8039006,15690749,9203916
2020-12-28,23877548,15446750,14617511
2020-12-29,20287740,16760037,18073982
2020-12-30,23807314,19212903,16517169
2020-12-31,22786478,17295282,15193556
2021-01-01,22786478,17295282,15193556
2021-01-04,27764696,31494314,18497764
2021-01-05,44035135,53060783,37293777
2021-01-06,36484795,44669793,37156358
2021-01-07,29528115,31072421,24299311
2021-01-08,28628224,26139619,18277949
2021-01-11,38290907,26175988,15165878
2021-01-12,36915073,41169166,37326577
2021-01-13,29000268,33794914,19526958
2021-01-14,35474755,34978608,29879133
2021-01-15,42411257,30573860,24701702
2021-01-18,42411257,30573860,24701702
2021-01-19,24932592,26310188,21931362
2021-01-20,22342398,27405691,14736966
2021-01-21,29058601,31878470,19333266
2021-01-22,23264836,26298307,17640740
2021-01-25,26395838,31204353,15398851
2021-01-26,23976788,32866321,19138072
2021-01-27,32410346,29600564,25688406
2021-01-28,24967246,29162179,16438248
2021-01-29,38961077,23929844,19971479
2021-02-01,24412394,17466551,13688032
2021-02-02,31940403,19916740,15513844
2021-02-03,28459278,24983166,18308286
2021-02-04,25280258,16219952,13247133
2021-02-05,34980138,18389570,13227596
2021-02-08,36998718,38537190,31510536
2021-02-09,28976969,31265395,20757110
2021-02-10,25723789,21996692,22400477
2021-02-11,26972159,24546761,15232210
2021-02-12,19756699,20847371,12382017
2021-02-15,19756699,20847371,12382017
2021-02-16,28060142,27051139,19260411
2021-02-17,25552226,21665143,15198397
2021-02-18,20627637,19519490,15311678
2021-02-19,22607163,21488713,14936138
2021-02-22,36435112,46194633,22820583
2021-02-23,33527945,46592727,22587655
2021-02-24,28728642,55156435,27788996
2021-02-25,29670884,37430006,21142463
2021-02-26,35291031,40793626,21626650
2021-03-01,36998309,19955775,16185688
2021-03-02,30302647,20344251,16557003
2021-03-03,35358928,23222302,20382064
2021-03-04,52137543,50408136,39491581
2021-03-05,51429766,48827930,42026530
2021-03-08,38154583,33004955,22684836
2021-03-09,35645897,28078222,23868210
2021-03-10,31579095,25249058,24101753
2021-03-11,24802645,18754907,21984257
2021-03-12,20422690,18642687,16114009
2021-03-15,31263556,19515936,19584618
2021-03-16,30624760,21556076,16895158
2021-03-17,25575478,21229514,16242394
2021-03-18,38622825,29740379,24421040
2021-03-19,84439408,42602314,29558099
2021-03-22,29315083,20010279,14200429
2021-03-23,33493304,36120466,20609389
2021-03-24,29781777,24406038,15596413
2021-03-25,31495919,22668761,18172001
2021-03-26,34226459,26877387,16268520
2021-03-29,21144403,20813914,13907089
2021-03-30,20303427,16489349,9799226
2021-03-31,23686451,18089399,15989670
2021-04-01,23194473,52731229,27311044
2021-04-02,23194473,52731229,27311044
2021-04-05,23264844,27964521,32081284
2021-04-06,18926270,23066326,20232428
2021-04-07,22384956,18930797,14354563
2021-04-08,21999295,16430316,14911138
2021-04-09,20020746,17129116,10378755
2021-04-12,20238760,16323004,15386313
2021-04-13,19370640,13630745,11106498
2021-04-14,28051133,21621849,26392815
2021-04-15,23250269,20896589,13541188
2021-04-16,22752001,16853174,11494808
2021-04-19,21123332,16877797,11162616
2021-04-20,21782054,19791346,18736185
2021-04-21,16625585,21661024,19500133
2021-04-22,21600105,15125341,16448536
2021-04-23,15341434,14908141,10830242
2021-04-26,16083788,12532940,12515570
2021-04-27,19278584,17277347,13876017
2021-04-28,24729795,22038964,20740971
2021-04-29,27318358,16395483,18229984
2021-04-30,30518360,20644622,14842915
2021-05-03,20509578,42995291,13380910
2021-05-04,23522218,20490341,15044734
2021-05-05,31526221,20791987,19853071
2021-05-06,26836752,19953684,14458227
2021-05-07,33610609,20125755,17631399
2021-05-10,31956561,20007489,19188308
2021-05-11,34563768,14195810,30525035
2021-05-12,34426479,20237744,26921896
2021-05-13,24268233,25397245,20686376
2021-05-14,20735400,19198811,19639622
2021-05-17,25282521,17183002,17232129
2021-05-18,25170801,21657576,15992390
2021-05-19,28889805,18254860,18157165
2021-05-20,20692495,15220557,14554213
2021-05-21,20792672,16900656,13212200
2021-05-24,18400267,16280537,13100534
2021-05-25,25616114,16272641,13774199
2021-05-26,21698688,11912066,14084130
2021-05-27,33556026,17811631,19886308
2021-05-28,19250009,12923544,10132126
2021-05-31,19250009,12923544,10132126
2021-06-01,28474171,50922595,27701874
2021-06-02,22978321,26971347,28273094
2021-06-03,20272753,19475448,19504428
2021-06-04,20427829,15845801,16134541
2021-06-07,15477933,11791056,10040786
2021-06-08,28953425,18842469,12127743
2021-06-09,29133005,14647656,15365898
2021-06-10,27488724,18482089,14212478
2021-06-11,17631706,15320734,10863551
2021-06-14,16997233,18756965,13827317
2021-06-15,30717113,17144603,13087667
2021-06-16,24803172,20456346,42712739
2021-06-17,28491845,27904795,39315207
2021-06-18,39590708,23417622,24074329
2021-06-21,33145434,19783922,18633602
2021-06-22,25140396,15430457,15195904
2021-06-23,20701591,14427533,24067581
2021-06-24,19568378,11356427,15182233
2021-06-25,18438313,17629476,25211899
2021-06-28,20570045,18243429,17426071
2021-06-29,19579251,13127899,15618960
2021-06-30,17875493,16963551,12823912
2021-07-01,22530263,26934145,23100194
2021-07-02,14569537,13780600,10670928
2021-07-05,14569537,13780600,10670928
2021-07-06,22110788,18153770,21467044
2021-07-07,21671385,14948013,20238500
2021-07-08,18935949,15038911,16379095
2021-07-09,20085985,11774937,13108843
2021-07-12,21809420,12835416,11171527
2021-07-13,17147347,13440374,11039488
2021-07-14,21573590,20020055,22822468
2021-07-15,15851096,16623192,18361001
2021-07-16,27049513,18247417,18512290
2021-07-19,37969064,21676093,28376776
2021-07-20,26756115,13810576,17071011
2021-07-21,20908727,17904638,19629300
2021-07-22,13493809,13180397,12459562
2021-07-23,14088194,11639611,9502506
2021-07-26,18387606,18646301,11080817
2021-07-27,16861419,19398196,12870381
2021-07-28,16855288,15957165,11767747
2021-07-29,18607819,14516671,11718236
2021-07-30,28652808,12413336,15123264
2021-08-02,20873766,16809175,13879968
2021-08-03,18208175,18169173,15215289
2021-08-04,20868323,25777485,20780168
2021-08-05,15180188,22674648,12976216
2021-08-06,14888494,17117648,12862475
2021-08-09,17828210,11800538,12029116
2021-08-10,16340241,14036923,13269637
2021-08-11,18278629,11945349,15265573
2021-08-12,19227450,8922513,9253552
2021-08-13,20062990,8919069,12000881
2021-08-16,16969045,10813512,16371446
2021-08-17,16243655,10929016,15987819
2021-08-18,21890519,15006746,15233183
2021-08-19,30923509,19154233,26408141
2021-08-20,16918278,12764553,18519024
2021-08-23,21632614,11866071,17577571
2021-08-24,17915557,11274040,15360034
2021-08-25,13270317,16486545,10024451
2021-08-26,11842622,11757442,11491018
2021-08-27,15822454,14980289,17295256
2021-08-30,14086122,11325679,10804446
2021-08-31,27104134,15364923,17367683
2021-09-01,21644066,32757341,14779525
2021-09-02,23302226,21425016,21151865
2021-09-03,13847890,13347915,13461719
2021-09-06,13847890,13347915,13461719
2021-09-07,14356405,9966045,11338299
2021-09-08,18756725,13006464,12672590
2021-09-09,19110784,12444506,12905253
2021-09-10,15123693,10357848,10690172
2021-09-13,22052269,22217629,22818817
2021-09-14,19940299,15456021,16350342
2021-09-15,23240876,21256677,25212410
2021-09-16,17907200,15808250,13235170
2021-09-17,30034434,27428076,25235993
2021-09-20,27555060,20129699,20469985
2021-09-21,19696793,14418782,12866206
2021-09-22,25690630,22638875,21793420
2021-09-23,23069407,20734784,17427986
2021-09-24,22328565,16952197,13473789
2021-09-27,32972244,27146470,26376700
2021-09-28,37619271,26275513,29296291
2021-09-29,23422802,17686979,16325025
2021-09-30,31289624,21535028,19182661
2021-10-01,24407339,20150741,19625070
2021-10-04,33946677,32255171,25391782
2021-10-05,29641561,30984249,27604486
2021-10-06,25284920,24086421,22400601
2021-10-07,19513600,20035242,21848876
2021-10-08,22186890,21445940,20246908
2021-10-11,22121487,21645275,21394944
2021-10-12,20198556,16109514,15502163
2021-10-13,14991717,16956490,14943948
2021-10-14,18594501,16683390,17846836
2021-10-15,16092605,12688083,14781603
2021-10-18,18282798,25311221,25900791
2021-10-19,18933153,18508050,13006205
2021-10-20,14305157,13180878,15636573
2021-10-21,16564635,15321832,14869306
2021-10-22,14266846,13395231,15000961
2021-10-25,17939771,19294698,19253696
2021-10-26,25585099,13375735,15398121
2021-10-27,21764456,16673845,20124769
2021-10-28,16626405,12798486,12039168
2021-10-29,23966325,14213130,13346473
2021-11-01,19656447,20675870,14134073
2021-11-02,16300049,16084011,11557958
2021-11-03,17372767,22340033,13783969
2021-11-04,17720122,28649762,20375392
2021-11-05,18565134,17876140,18862583
2021-11-08,17696033,14899844,14267474
2021-11-09,18781338,14112961,13200068
2021-11-10,20177215,13005588,17560966
2021-11-11,13319297,10489244,10684973
2021-11-12,18158875,10013509,10241314
2021-11-15,18849164,13536243,10287627
2021-11-16,17028697,11005765,10348517
2021-11-17,15496983,17086011,14406073
2021-11-18,16948183,16008937,12789728
2021-11-19,32035483,21467629,19311137
2021-11-22,21998749,20558895,16567328
2021-11-23,21185932,19850678,21492547
2021-11-24,15869658,12769714,11491014
2021-11-25,15869658,12769714,11491014
2021-11-26,24979586,16100242,22787824
2021-11-29,18946364,17171033,15448122
2021-11-30,34979825,22593947,20779594
2021-12-01,30670130,23209536,19018772
2021-12-02,29216045,19934977,18877793
2021-12-03,22014734,18160479,15148793
2021-12-06,19210511,17251512,11188796
2021-12-07,19800377,14501145,13643812
2021-12-08,18214420,11885785,11473683
2021-12-09,16910332,13295336,9111662
2021-12-10,17942383,16527568,9672303
2021-12-13,17793708,16575837,12525655
2021-12-14,22551145,15032988,14116384
2021-12-15,19961862,16826876,19091740
2021-12-16,21187783,18930460,13027229
2021-12-17,44454945,27414480,23540994
2021-12-20,21819305,24367861,21316192
2021-12-21,19798891,14551432,13116158
2021-12-22,14058338,11451607,8381044
2021-12-23,13543291,10042692,8401591
2021-12-24,13543291,10042692,8401591
2021-12-27,12596340,11399273,8380047
2021-12-28,12786873,11955249,9545606
2021-12-29,12733601,13565472,11311012
2021-12-30,11940294,13706565,9509485
2021-12-31,14071965,13908152,8669155
2022-01-03,24290187,17406295,15095852
2022-01-04,38584046,21083320,26692372
2022-01-05,34033275,17499100,21157260
2022-01-06,30668514,20003350,18528246
2022-01-07,23985401,16403305,14884484
2022-01-10,22760316,20807019,17609662
2022-01-11,32936140,20872143,20876121
2022-01-12,23045051,16779853,15501767
2022-01-13,21043176,20090888,13529490
2022-01-14,23012866,17997349,19566035
2022-01-17,23012866,17997349,19566035
2022-01-18,32862824,26563516,24419099
2022-01-19,26431636,17325259,18393252
2022-01-20,26774550,17616663,16099275
2022-01-21,35120462,18710904,18434140
2022-01-24,41576131,18582085,23742862
2022-01-25,39278417,23109060,28095586
2022-01-26,35252385,25351682,25911607
2022-01-27,29174687,22988205,21102662
2022-01-28,30595660,18523114,16658181
2022-01-31,36085479,16405788,16469302
2022-02-01,61033081,23226387,20514773
2022-02-02,30299322,16564701,14752748
2022-02-03,28529399,15075341,22557478
2022-02-04,32197543,24793979,23757400
2022-02-07,34949215,17712505,15544015
2022-02-08,34356264,17873591,20307525
2022-02-09,40106115,15944426,16412010
2022-02-10,28527663,23382621,17756306
2022-02-11,42002092,24585818,24477906
2022-02-14,34652780,21400999,21485913
2022-02-15,25089507,23041410,23618152
2022-02-16,21733753,23016361,18292088
2022-02-17,23738816,29767946,15162786
2022-02-18,23394776,16955096,14462708
2022-02-21,23394776,16955096,14462708
2022-02-22,35947769,27308383,20757170
2022-02-23,25385006,16253109,15379390
2022-02-24,46199851,25532981,32173767
2022-02-25,28310258,19569443,29780441
2022-02-28,32204637,25636103,50039517
2022-03-01,40002342,29242001,68949820
2022-03-02,44321369,25177496,51230106
2022-03-03,30196611,19205521,43690512
2022-03-04,42844527,33011531,101759603
2022-03-07,55207908,35914435,81361215
2022-03-08,72082261,42319371,81141767
2022-03-09,65466651,39085192,134668989
2022-03-10,44644244,25204398,81812591
2022-03-11,35303368,19994182,48469639
2022-03-14,37462621,25507964,53706914
2022-03-15,47957901,25237932,49163860
2022-03-16,37812299,21050300,43406316
2022-03-17,34041918,22979064,59355480
2022-03-18,41461477,25463045,40835935
2022-03-21,33089287,25701204,52222959
2022-03-22,23132202,27921633,35853513
2022-03-23,27716309,17712203,39139724
2022-03-24,19871630,20078020,28409085
2022-03-25,22408177,22524556,37749900
2022-03-28,21552383,18026385,24924672
2022-03-29,27036251,21418398,29111203
2022-03-30,22079009,16764289,26068990
2022-03-31,27861456,19878996,32217545
2022-04-01,18671077,13426601,21019029
2022-04-04,20880035,15855615,19371054
2022-04-05,21753103,17598161,22939267
2022-04-06,24768200,15855610,27902977
2022-04-07,26121980,15240638,24408341
2022-04-08,24866507,16068360,41639002
2022-04-11,21800100,18394198,27618031
2022-04-12,22444175,22238196,26820867
2022-04-13,19306829,18273515,21358382
2022-04-14,24566440,16234913,18789385
2022-04-15,24566440,16234913,18789385
2022-04-18,19032299,15965842,30802492
2022-04-19,20382626,16671437,19514640
2022-04-20,20689408,20115515,20837836
2022-04-21,29010859,20775605,32050433
2022-04-22,23591604,16638904,22816947
